<?xml version="1.0" encoding="UTF-8"?>
<presentacion>
	<periodo>2017</periodo>
	<nroPresentacion>1</nroPresentacion>
	<fechaPresentacion>2017-06-05</fechaPresentacion>
	<empleado>
		<cuit>20280680061</cuit>
		<tipoDoc>86</tipoDoc>
		<apellido>VILLABLANCA EMILIANO NAHUEL</apellido>
		<nombre></nombre>
		<direccion>
			<provincia>0</provincia>
			<cp>1437</cp>
			<localidad>Ciudad de Buenos Aires</localidad>
			<calle>LUNA</calle>
			<nro>2200</nro>
		</direccion>
	</empleado>
	<cargasFamilia>
		<cargaFamilia>
			<tipoDoc>86</tipoDoc>
			<nroDoc>27287981231</nroDoc>
			<apellido>CANTEROS FELIPA ADRIANA</apellido>
			<nombre></nombre>
			<fechaNac>1982-03-14</fechaNac>
			<mesDesde>1</mesDesde>
			<mesHasta>12</mesHasta>
			<parentesco>1</parentesco>
			<vigenteProximosPeriodos>S</vigenteProximosPeriodos>
		</cargaFamilia>
		<cargaFamilia>
			<tipoDoc>86</tipoDoc>
			<nroDoc>20422141279</nroDoc>
			<apellido>VILLABLANCA NAHUEL NICOLAS</apellido>
			<nombre></nombre>
			<fechaNac>1999-11-12</fechaNac>
			<mesDesde>1</mesDesde>
			<mesHasta>10</mesHasta>
			<parentesco>3</parentesco>
			<vigenteProximosPeriodos>N</vigenteProximosPeriodos>
		</cargaFamilia>
		<cargaFamilia>
			<tipoDoc>86</tipoDoc>
			<nroDoc>27444864295</nroDoc>
			<apellido>VILLABLANCA MICAELA MARIEL</apellido>
			<nombre></nombre>
			<fechaNac>2002-10-02</fechaNac>
			<mesDesde>1</mesDesde>
			<mesHasta>12</mesHasta>
			<parentesco>3</parentesco>
			<vigenteProximosPeriodos>S</vigenteProximosPeriodos>
		</cargaFamilia>
		<cargaFamilia>
			<tipoDoc>86</tipoDoc>
			<nroDoc>20475700369</nroDoc>
			<apellido>VILLABLANCA EZEQUIEL ALEJANDRO</apellido>
			<nombre></nombre>
			<fechaNac>2006-10-25</fechaNac>
			<mesDesde>1</mesDesde>
			<mesHasta>12</mesHasta>
			<parentesco>3</parentesco>
			<vigenteProximosPeriodos>S</vigenteProximosPeriodos>
		</cargaFamilia>
	</cargasFamilia>
</presentacion>
